<p1>,<p2>,<p2>
<p1>,<p2>,<p4>
<p1>,<p2>,<p0>
<p1>,<p2>,<__Null#9223372036854775824>
<p2>,<p3>,<p1>
<p2>,<p3>,<p3>
<p2>,<p3>,<p5>
<p2>,<p3>,<__Null#9223372036854775823>
<p2>,<p3>,<__Null#9223372036854775825>
<p3>,<p4>,<p2>
<p3>,<p4>,<p4>
<p3>,<p4>,<p6>
<p3>,<p4>,<p0>
<p3>,<p4>,<__Null#9223372036854775824>
<p3>,<p4>,<__Null#9223372036854775826>
<p4>,<p5>,<p1>
<p4>,<p5>,<p3>
<p4>,<p5>,<p5>
<p4>,<p5>,<p7>
<p4>,<p5>,<__Null#9223372036854775823>
<p4>,<p5>,<__Null#9223372036854775825>
<p4>,<p5>,<__Null#9223372036854775827>
<p5>,<p6>,<__Null#9223372036854775826>
<p5>,<p6>,<__Null#9223372036854775828>
<p0>,<p1>,<p1>
<p0>,<p1>,<p3>
<p0>,<p1>,<__Null#9223372036854775823>
