ENDOFA,ENDOFB
ENDOFA,w
ENDOFA,u
ENDOFA,q
ENDOFA,f
ENDOFA,b
ENDOFA,y
ENDOFA,c
ENDOFA,o
ENDOFA,a
ENDOFA,d
ENDOFA,e
ENDOFA,g
ENDOFA,h
ENDOFA,i
ENDOFA,j
ENDOFA,k
ENDOFA,l
ENDOFA,m
ENDOFA,n
ENDOFA,p
ENDOFA,r
ENDOFA,s
ENDOFA,t
ENDOFA,v
ENDOFA,x
ENDOFA,z
ENDOFB,ENDOFA
ENDOFB,w
ENDOFB,u
ENDOFB,q
ENDOFB,f
ENDOFB,b
ENDOFB,y
ENDOFB,c
ENDOFB,o
ENDOFB,a
ENDOFB,d
ENDOFB,e
ENDOFB,g
ENDOFB,h
ENDOFB,i
ENDOFB,j
ENDOFB,k
ENDOFB,l
ENDOFB,m
ENDOFB,n
ENDOFB,p
ENDOFB,r
ENDOFB,s
ENDOFB,t
ENDOFB,v
ENDOFB,x
ENDOFB,z
w,ENDOFA
w,ENDOFB
w,u
w,q
w,f
w,b
w,y
w,c
w,o
w,a
w,d
w,e
w,g
w,h
w,i
w,j
w,k
w,l
w,m
w,n
w,p
w,r
w,s
w,t
w,v
w,x
w,z
u,ENDOFA
u,ENDOFB
u,w
u,q
u,f
u,b
u,y
u,c
u,o
u,a
u,d
u,e
u,g
u,h
u,i
u,j
u,k
u,l
u,m
u,n
u,p
u,r
u,s
u,t
u,v
u,x
u,z
q,ENDOFA
q,ENDOFB
q,w
q,u
q,f
q,b
q,y
q,c
q,o
q,a
q,d
q,e
q,g
q,h
q,i
q,j
q,k
q,l
q,m
q,n
q,p
q,r
q,s
q,t
q,v
q,x
q,z
f,ENDOFA
f,ENDOFB
f,w
f,u
f,q
f,b
f,y
f,c
f,o
f,a
f,d
f,e
f,g
f,h
f,i
f,j
f,k
f,l
f,m
f,n
f,p
f,r
f,s
f,t
f,v
f,x
f,z
b,ENDOFA
b,ENDOFB
b,w
b,u
b,q
b,f
b,y
b,c
b,o
b,a
b,d
b,e
b,g
b,h
b,i
b,j
b,k
b,l
b,m
b,n
b,p
b,r
b,s
b,t
b,v
b,x
b,z
y,ENDOFA
y,ENDOFB
y,w
y,u
y,q
y,f
y,b
y,c
y,o
y,a
y,d
y,e
y,g
y,h
y,i
y,j
y,k
y,l
y,m
y,n
y,p
y,r
y,s
y,t
y,v
y,x
y,z
c,ENDOFA
c,ENDOFB
c,w
c,u
c,q
c,f
c,b
c,y
c,o
c,a
c,d
c,e
c,g
c,h
c,i
c,j
c,k
c,l
c,m
c,n
c,p
c,r
c,s
c,t
c,v
c,x
c,z
o,ENDOFA
o,ENDOFB
o,w
o,u
o,q
o,f
o,b
o,y
o,c
o,a
o,d
o,e
o,g
o,h
o,i
o,j
o,k
o,l
o,m
o,n
o,p
o,r
o,s
o,t
o,v
o,x
o,z
a,ENDOFA
a,ENDOFB
a,w
a,u
a,q
a,f
a,b
a,y
a,c
a,o
a,d
a,e
a,g
a,h
a,i
a,j
a,k
a,l
a,m
a,n
a,p
a,r
a,s
a,t
a,v
a,x
a,z
d,ENDOFA
d,ENDOFB
d,w
d,u
d,q
d,f
d,b
d,y
d,c
d,o
d,a
d,e
d,g
d,h
d,i
d,j
d,k
d,l
d,m
d,n
d,p
d,r
d,s
d,t
d,v
d,x
d,z
e,ENDOFA
e,ENDOFB
e,w
e,u
e,q
e,f
e,b
e,y
e,c
e,o
e,a
e,d
e,g
e,h
e,i
e,j
e,k
e,l
e,m
e,n
e,p
e,r
e,s
e,t
e,v
e,x
e,z
g,ENDOFA
g,ENDOFB
g,w
g,u
g,q
g,f
g,b
g,y
g,c
g,o
g,a
g,d
g,e
g,h
g,i
g,j
g,k
g,l
g,m
g,n
g,p
g,r
g,s
g,t
g,v
g,x
g,z
h,ENDOFA
h,ENDOFB
h,w
h,u
h,q
h,f
h,b
h,y
h,c
h,o
h,a
h,d
h,e
h,g
h,i
h,j
h,k
h,l
h,m
h,n
h,p
h,r
h,s
h,t
h,v
h,x
h,z
i,ENDOFA
i,ENDOFB
i,w
i,u
i,q
i,f
i,b
i,y
i,c
i,o
i,a
i,d
i,e
i,g
i,h
i,j
i,k
i,l
i,m
i,n
i,p
i,r
i,s
i,t
i,v
i,x
i,z
j,ENDOFA
j,ENDOFB
j,w
j,u
j,q
j,f
j,b
j,y
j,c
j,o
j,a
j,d
j,e
j,g
j,h
j,i
j,k
j,l
j,m
j,n
j,p
j,r
j,s
j,t
j,v
j,x
j,z
k,ENDOFA
k,ENDOFB
k,w
k,u
k,q
k,f
k,b
k,y
k,c
k,o
k,a
k,d
k,e
k,g
k,h
k,i
k,j
k,l
k,m
k,n
k,p
k,r
k,s
k,t
k,v
k,x
k,z
l,ENDOFA
l,ENDOFB
l,w
l,u
l,q
l,f
l,b
l,y
l,c
l,o
l,a
l,d
l,e
l,g
l,h
l,i
l,j
l,k
l,m
l,n
l,p
l,r
l,s
l,t
l,v
l,x
l,z
m,ENDOFA
m,ENDOFB
m,w
m,u
m,q
m,f
m,b
m,y
m,c
m,o
m,a
m,d
m,e
m,g
m,h
m,i
m,j
m,k
m,l
m,n
m,p
m,r
m,s
m,t
m,v
m,x
m,z
n,ENDOFA
n,ENDOFB
n,w
n,u
n,q
n,f
n,b
n,y
n,c
n,o
n,a
n,d
n,e
n,g
n,h
n,i
n,j
n,k
n,l
n,m
n,p
n,r
n,s
n,t
n,v
n,x
n,z
p,ENDOFA
p,ENDOFB
p,w
p,u
p,q
p,f
p,b
p,y
p,c
p,o
p,a
p,d
p,e
p,g
p,h
p,i
p,j
p,k
p,l
p,m
p,n
p,r
p,s
p,t
p,v
p,x
p,z
r,ENDOFA
r,ENDOFB
r,w
r,u
r,q
r,f
r,b
r,y
r,c
r,o
r,a
r,d
r,e
r,g
r,h
r,i
r,j
r,k
r,l
r,m
r,n
r,p
r,s
r,t
r,v
r,x
r,z
s,ENDOFA
s,ENDOFB
s,w
s,u
s,q
s,f
s,b
s,y
s,c
s,o
s,a
s,d
s,e
s,g
s,h
s,i
s,j
s,k
s,l
s,m
s,n
s,p
s,r
s,t
s,v
s,x
s,z
t,ENDOFA
t,ENDOFB
t,w
t,u
t,q
t,f
t,b
t,y
t,c
t,o
t,a
t,d
t,e
t,g
t,h
t,i
t,j
t,k
t,l
t,m
t,n
t,p
t,r
t,s
t,v
t,x
t,z
v,ENDOFA
v,ENDOFB
v,w
v,u
v,q
v,f
v,b
v,y
v,c
v,o
v,a
v,d
v,e
v,g
v,h
v,i
v,j
v,k
v,l
v,m
v,n
v,p
v,r
v,s
v,t
v,x
v,z
x,ENDOFA
x,ENDOFB
x,w
x,u
x,q
x,f
x,b
x,y
x,c
x,o
x,a
x,d
x,e
x,g
x,h
x,i
x,j
x,k
x,l
x,m
x,n
x,p
x,r
x,s
x,t
x,v
x,z
z,ENDOFA
z,ENDOFB
z,w
z,u
z,q
z,f
z,b
z,y
z,c
z,o
z,a
z,d
z,e
z,g
z,h
z,i
z,j
z,k
z,l
z,m
z,n
z,p
z,r
z,s
z,t
z,v
z,x
